{
  "source_mdat": "All Measurements (center).mdat",
  "mic_correction_policy": "Trusted REW exports; Microphone Correction.txt was not applied again.",
  "target_file": "Harman Target.txt",
  "target_extrapolation": "Added 0 Hz point holding first Harman target SPL constant to DC.",
  "sample_rates": [
    48000.0
  ],
  "tap_allocation": {
    "left": 1022,
    "right": 1022,
    "sub": 2040,
    "unused_output": 6,
    "total": 4090
  },
  "crossover": {
    "crossover_hz": 50.0,
    "sub_gain_db": -2.5,
    "sub_delay_ms": -5.75,
    "score": 64.38164357171038
  },
  "delays_ms": {
    "left": 5.75,
    "right": 5.75,
    "sub": 0.0
  },
  "gains_db": {
    "left": 0.14319450915800047,
    "right": 0.14191753640147198,
    "sub": -2.423776366271973
  },
  "rew_delay_medians_ms": {
    "left": -0.0492,
    "right": -0.0339,
    "sub": -1.3808,
    "left_plus_sub": -0.0494,
    "right_plus_sub": -0.0412
  },
  "validation_errors": {
    "left_plus_sub_rms_20_20000_db": 4.3953268120325255,
    "right_plus_sub_rms_20_20000_db": 4.158623450888677,
    "left_plus_sub_rms_20_300_db": 4.475987156305737,
    "right_plus_sub_rms_20_300_db": 5.408525402274134,
    "left_plus_sub_rms_30_120_db": 4.75966554470476,
    "right_plus_sub_rms_30_120_db": 5.237951769369883
  },
  "filters": {
    "left": [
      {
        "type": "PK",
        "freq_hz": 21.2402,
        "gain_db": 6.0,
        "q": 1.1274361660688974,
        "b0": 1.0004342033686067,
        "b1": -1.9991255277172495,
        "b2": 0.9986932560718311,
        "a1": 1.9991255277172495,
        "a2": -0.9991274594404381,
        "stable": true
      },
      {
        "type": "PK",
        "freq_hz": 25.2686,
        "gain_db": 6.0,
        "q": 1.1382680957645914,
        "b0": 1.0005115985673045,
        "b1": -1.998969198470114,
        "b2": 0.9984603336366783,
        "a1": 1.998969198470114,
        "a2": -0.9989719322039828,
        "stable": true
      },
      {
        "type": "PK",
        "freq_hz": 30.3955,
        "gain_db": 6.0,
        "q": 1.1724868030631512,
        "b0": 1.0005973879887553,
        "b1": -1.9987955813457767,
        "b2": 0.998202148616277,
        "a1": 1.9987955813457767,
        "a2": -0.9987995366050324,
        "stable": true
      },
      {
        "type": "PK",
        "freq_hz": 36.2549,
        "gain_db": 6.0,
        "q": 1.2226069331473857,
        "b0": 1.0006832779261232,
        "b1": -1.9986213123371006,
        "b2": 0.9979436610911652,
        "a1": 1.9986213123371006,
        "a2": -0.9986269390172885,
        "stable": true
      },
      {
        "type": "PK",
        "freq_hz": 55.6641,
        "gain_db": -12.0,
        "q": 2.6603210854702644,
        "b0": 0.9989783590269782,
        "b1": -1.9972580446379953,
        "b2": 0.9982929404433695,
        "a1": 1.9972580446379953,
        "a2": -0.9972712994703475,
        "stable": true
      },
      {
        "type": "PK",
        "freq_hz": 439.8194,
        "gain_db": -8.673594482177268,
        "q": 4.771496552121805,
        "b0": 0.9968770335632728,
        "b1": -1.9892864411380065,
        "b2": 0.9932338936648881,
        "a1": 1.9892864411380065,
        "a2": -0.9901109272281609,
        "stable": true
      },
      {
        "type": "PK",
        "freq_hz": 226.6846,
        "gain_db": 6.0,
        "q": 3.8532390917136787,
        "b0": 1.0013545805525583,
        "b1": -1.9970581253550534,
        "b2": 0.9959233620919379,
        "a1": 1.9970581253550534,
        "a2": -0.9972779426444962,
        "stable": true
      },
      {
        "type": "PK",
        "freq_hz": 12990.6016,
        "gain_db": -6.156885834380555,
        "q": 2.2425277398696295,
        "b0": 0.902113916826472,
        "b1": -1.0652324412553242,
        "b2": 0.7123438875616137,
        "a1": 1.0652324412553242,
        "a2": -0.6144578043880855,
        "stable": true
      },
      {
        "type": "PK",
        "freq_hz": 151.2451,
        "gain_db": -6.017396561429451,
        "q": 8.0,
        "b0": 0.9995631545467557,
        "b1": -1.99815407026016,
        "b2": 0.9986888188500188,
        "a1": 1.99815407026016,
        "a2": -0.9982519733967744,
        "stable": true
      },
      {
        "type": "PK",
        "freq_hz": 80.5664,
        "gain_db": -5.952315718533024,
        "q": 6.7238948114370825,
        "b0": 0.9997261539440924,
        "b1": -1.9988681119578653,
        "b2": 0.9991697477460382,
        "a1": 1.9988681119578653,
        "a2": -0.9988959016901306,
        "stable": true
      }
    ],
    "right": [
      {
        "type": "PK",
        "freq_hz": 20.874,
        "gain_db": 6.0,
        "q": 1.1724868030631512,
        "b0": 1.000410331342096,
        "b1": -1.9991735650335865,
        "b2": 0.9987650994243974,
        "a1": 1.9991735650335865,
        "a2": -0.9991754307664934,
        "stable": true
      },
      {
        "type": "PK",
        "freq_hz": 24.9023,
        "gain_db": 6.0,
        "q": 1.2360338250277336,
        "b0": 1.0004643254105072,
        "b1": -1.9990642734037485,
        "b2": 0.9986026031699815,
        "a1": 1.9990642734037485,
        "a2": -0.9990669285804886,
        "stable": true
      },
      {
        "type": "PK",
        "freq_hz": 29.6631,
        "gain_db": 6.0,
        "q": 1.3094231335678757,
        "b0": 1.0005220650071704,
        "b1": -1.9989471324470274,
        "b2": 0.9984288346716006,
        "a1": 1.9989471324470274,
        "a2": -0.9989508996787712,
        "stable": true
      },
      {
        "type": "PK",
        "freq_hz": 56.0303,
        "gain_db": -12.0,
        "q": 4.75501610550045,
        "b0": 0.9994243121955377,
        "b1": -1.9984489578223656,
        "b2": 0.9990380834420369,
        "a1": 1.9984489578223656,
        "a2": -0.9984623956375743,
        "stable": true
      },
      {
        "type": "PK",
        "freq_hz": 175.4151,
        "gain_db": 6.0,
        "q": 6.272319962850669,
        "b0": 1.000644412775359,
        "b1": -1.9985733152569256,
        "b2": 0.9980606265581566,
        "a1": 1.9985733152569256,
        "a2": -0.9987050393335158,
        "stable": true
      },
      {
        "type": "PK",
        "freq_hz": 461.792,
        "gain_db": -9.258189694456398,
        "q": 2.8367603927960086,
        "b0": 0.9941035349594135,
        "b1": -1.9811061905479084,
        "b2": 0.9879078735733552,
        "a1": 1.9811061905479084,
        "a2": -0.9820114085327687,
        "stable": true
      },
      {
        "type": "PK",
        "freq_hz": 256.3477,
        "gain_db": 6.0,
        "q": 2.5844816844119114,
        "b0": 1.0022816814348978,
        "b1": -1.995134067851248,
        "b2": 0.9931332330040773,
        "a1": 1.995134067851248,
        "a2": -0.9954149144389752,
        "stable": true
      },
      {
        "type": "PK",
        "freq_hz": 35.5225,
        "gain_db": 6.0,
        "q": 1.376942607754112,
        "b0": 1.000594489245698,
        "b1": -1.9987999595635355,
        "b2": 0.99821087244286,
        "a1": 1.9987999595635355,
        "a2": -0.998805361688558,
        "stable": true
      },
      {
        "type": "PK",
        "freq_hz": 1190.5519,
        "gain_db": 6.0,
        "q": 8.0,
        "b0": 1.0034161875856602,
        "b1": -1.9870872523368572,
        "b2": 0.9897189135142606,
        "a1": 1.9870872523368572,
        "a2": -0.9931351010999206,
        "stable": true
      },
      {
        "type": "PK",
        "freq_hz": 12856.2022,
        "gain_db": -6.2859963485381405,
        "q": 1.934129809832738,
        "b0": 0.8883471499619995,
        "b1": -1.043861019574865,
        "b2": 0.6780886165356231,
        "a1": 1.043861019574865,
        "a2": -0.5664357664976224,
        "stable": true
      }
    ],
    "sub": [
      {
        "type": "PK",
        "freq_hz": 220.0928,
        "gain_db": 6.0,
        "q": 0.6553042432915032,
        "b0": 1.007684187228037,
        "b1": -1.9843525689107602,