{
  "crossover": {
    "crossover_hz": 140.0,
    "exact_cancellation_penalty": 0.9248202996489407,
    "exact_lr_mismatch_rms_db": 3.6400576460172056,
    "exact_phase_penalty": 0.4573916524835282,
    "exact_preference_penalty": 0.0,
    "exact_score": 7.961543665901977,
    "exact_target_rms_db": 4.665252281022184,
    "exact_validation_rms_db": 5.694589050689722,
    "proxy_score": 7.170709114277034,
    "score": 7.961543665901977,
    "sub_delay_ms": -1.800000000000002,
    "sub_gain_db": -0.5,
    "top_candidates": [
      {
        "crossover_hz": 140.0,
        "exact_cancellation_penalty": 0.9248202996489407,
        "exact_lr_mismatch_rms_db": 3.6400576460172056,
        "exact_phase_penalty": 0.4573916524835282,
        "exact_preference_penalty": 0.0,
        "exact_score": 7.961543665901977,
        "exact_target_rms_db": 4.665252281022184,
        "exact_validation_rms_db": 5.694589050689722,
        "proxy_score": 7.170709114277034,
        "score": 7.961543665901977,
        "sub_delay_ms": -1.800000000000002,
        "sub_gain_db": -0.5
      },
      {
        "crossover_hz": 136.0,
        "exact_cancellation_penalty": 1.0527266583852681,
        "exact_lr_mismatch_rms_db": 4.037112866157434,
        "exact_phase_penalty": 0.48357039123124135,
        "exact_preference_penalty": 0.0,
        "exact_score": 8.343862997886967,
        "exact_target_rms_db": 4.81430857134715,
        "exact_validation_rms_db": 5.814756257659954,
        "proxy_score": 7.253190700724059,
        "score": 8.343862997886967,
        "sub_delay_ms": -2.0,
        "sub_gain_db": 0.0
      },
      {
        "crossover_hz": 138.0,
        "exact_cancellation_penalty": 1.0631930600909347,
        "exact_lr_mismatch_rms_db": 4.102972390444888,
        "exact_phase_penalty": 0.4812411526816105,
        "exact_preference_penalty": 0.0,
        "exact_score": 8.586035809333742,
        "exact_target_rms_db": 5.0439663481087,
        "exact_validation_rms_db": 5.760525296768604,
        "proxy_score": 7.192428133619018,
        "score": 8.586035809333742,
        "sub_delay_ms": -1.7750000000000021,
        "sub_gain_db": -0.375
      },
      {
        "crossover_hz": 130.0,
        "exact_cancellation_penalty": 1.4244154135505793,
        "exact_lr_mismatch_rms_db": 4.542197340279555,
        "exact_phase_penalty": 0.44676078550933795,
        "exact_preference_penalty": 0.0,
        "exact_score": 8.79633704702019,
        "exact_target_rms_db": 5.054724915930505,
        "exact_validation_rms_db": 5.434786015267762,
        "proxy_score": 7.339485155023117,
        "score": 8.79633704702019,
        "sub_delay_ms": -1.5,
        "sub_gain_db": 0.0
      },
      {
        "crossover_hz": 134.0,
        "exact_cancellation_penalty": 1.4637760978753045,
        "exact_lr_mismatch_rms_db": 4.432993892688822,
        "exact_phase_penalty": 0.4501738694132502,
        "exact_preference_penalty": 0.0,
        "exact_score": 8.816328995993558,
        "exact_target_rms_db": 5.087369633618276,
        "exact_validation_rms_db": 5.4672565043097885,
        "proxy_score": 7.275088833606594,
        "score": 8.816328995993558,
        "sub_delay_ms": -1.5,
        "sub_gain_db": 0.0
      },
      {
        "crossover_hz": 128.0,
        "exact_cancellation_penalty": 1.4434816246845221,
        "exact_lr_mismatch_rms_db": 4.622823541865493,
        "exact_phase_penalty": 0.44762969761961247,
        "exact_preference_penalty": 0.0,
        "exact_score": 8.835734615826814,
        "exact_target_rms_db": 5.055468800693376,
        "exact_validation_rms_db": 5.4442803071876,
        "proxy_score": 7.386400656912841,
        "score": 8.835734615826814,
        "sub_delay_ms": -1.5,
        "sub_gain_db": 0.0
      },
      {
        "crossover_hz": 126.0,
        "exact_cancellation_penalty": 1.5308295466175001,
        "exact_lr_mismatch_rms_db": 4.7727898277821055,
        "exact_phase_penalty": 0.45036259024474784,
        "exact_preference_penalty": 0.0,
        "exact_score": 8.979453740717132,
        "exact_target_rms_db": 5.110311580623429,
        "exact_validation_rms_db": 5.444610426402368,
        "proxy_score": 7.445064219439204,
        "score": 8.979453740717132,
        "sub_delay_ms": -1.5,
        "sub_gain_db": 0.0
      },
      {
        "crossover_hz": 132.0,
        "exact_cancellation_penalty": 1.828893106988918,
        "exact_lr_mismatch_rms_db": 4.85498716281122,
        "exact_phase_penalty": 0.46810241106496914,
        "exact_preference_penalty": 0.0,
        "exact_score": 9.409107102353207,
        "exact_target_rms_db": 5.318445118615615,
        "exact_validation_rms_db": 5.7032321137024535,
        "proxy_score": 7.302821592457848,
        "score": 9.409107102353207,
        "sub_delay_ms": -1.5,
        "sub_gain_db": 0.0
      }
    ]
  },
  "crossover_boundary_warning": "selected crossover is at the maximum search bound (140 Hz)",
  "delays_ms": {
    "left": 7.102083333333335,
    "right": 7.102083333333335,
    "sub": 0.0
  },
  "filters": {
    "left": [
      {
        "a1": -1.9766398267755825,
        "a2": 0.9767346094354151,
        "b0": 1.0047989235491017,
        "b1": -1.9766398267755825,
        "b2": 0.9719356858863134,
        "freq_hz": 149.62300085393832,
        "gain_db": 2.9999999999999996,
        "q": 0.35003226441063423,
        "stable": true,
        "type": "PK"
      },
      {
        "a1": -1.9758953041150247,
        "a2": 0.9760020953719833,
        "b0": 1.0049500183256663,
        "b1": -1.9758953041150247,
        "b2": 0.9710520770463169,
        "freq_hz": 158.84826190778708,
        "gain_db": 2.9999999999999996,
        "q": 0.360136683493767,
        "stable": true,
        "type": "PK"
      },
      {
        "a1": -1.6294094255790477,
        "a2": 0.6568534295522098,
        "b0": 1.0707804218091252,
        "b1": -1.6294094255790477,
        "b2": 0.5860730077430846,
        "freq_hz": 2784.770124598052,
        "gain_db": 2.9999999999999996,
        "q": 0.3681842676596058,
        "stable": true,
        "type": "PK"
      },
      {
        "a1": -1.9758505948522036,
        "a2": 0.975971298737396,
        "b0": 1.0049563707096743,
        "b1": -1.9758505948522036,
        "b2": 0.9710149280277217,
        "freq_hz": 168.88025727331134,
        "gain_db": 2.9999999999999996,
        "q": 0.38238338409506833,
        "stable": true,
        "type": "PK"
      },
      {
        "a1": -1.988031465514252,
        "a2": 0.988847655124422,
        "b0": 0.9964023299423964,
        "b1": -1.988031465514252,
        "b2": 0.9924453251820258,
        "freq_hz": 437.7397525735914,
        "gain_db": -8.999992367387346,
        "q": 4.288153753086191,
        "stable": true,
        "type": "PK"
      },
      {
        "a1": -1.9469224151923152,
        "a2": 0.9559494671977362,
        "b0": 1.0090862493205541,
        "b1": -1.9469224151923152,
        "b2": 0.946863217877182,
        "freq_hz": 1468.4788295263331,
        "gain_db": 2.9999999999355946,
        "q": 1.7926023377868407,
        "stable": true,
        "type": "PK"
      }
    ],
    "right": [
      {
        "a1": -1.9875820256891332,
        "a2": 0.9876785328071173,
        "b0": 1.0025415339109507,
        "b1": -1.9875820256891332,
        "b2": 0.9851369988961665,
        "freq_hz": 150.56177262604479,
        "gain_db": 2.999999999999999,
        "q": 0.6687596354747999,
        "stable": true,
        "type": "PK"
      },
      {
        "a1": -1.987466657525997,
        "a2": 0.9875723680545452,
        "b0": 1.0025634323841266,
        "b1": -1.987466657525997,
        "b2": 0.9850089356704187,
        "freq_hz": 157.58175550514605,
        "gain_db": 2.999999999999999,
        "q": 0.6939232551839003,
        "stable": true,
        "type": "PK"
      },
      {
        "a1": -1.9875562696678606,
        "a2": 0.9876574409054695,
        "b0": 1.0025458845116095,
        "b1": -1.9875562696678606,