crossover_hz,exact_cancellation_penalty,exact_lr_mismatch_rms_db,exact_phase_penalty,exact_preference_penalty,exact_score,exact_target_rms_db,exact_validation_rms_db,proxy_score,score,sub_delay_ms,sub_gain_db
"126.000000","0.054049","1.111462","0.375718","0.000000","5.854773","3.517162","6.956486","7.445064","5.854773","-1.500000","0.000000"
"128.000000","0.047374","1.070150","0.370812","0.000000","5.864866","3.550260","6.942791","7.386401","5.864866","-1.500000","0.000000"
"130.000000","0.041378","1.037460","0.366839","0.000000","5.877955","3.581829","6.932179","7.339485","5.877955","-1.500000","0.000000"
"134.000000","0.030856","0.964236","0.366089","0.000000","5.908800","3.647941","6.911957","7.275089","5.908800","-1.500000","0.000000"
"138.000000","0.103760","0.971894","0.409763","0.000000","5.950017","3.600232","7.052945","7.192428","5.950017","-1.775000","-0.375000"
"136.000000","0.140809","0.997079","0.448445","0.000000","5.974559","3.590828","7.016828","7.253191","5.974559","-2.000000","0.000000"
"140.000000","0.104764","0.948996","0.454575","0.000000","5.978282","3.597016","7.119694","7.170709","5.978282","-1.800000","-0.500000"
"132.000000","0.171370","1.635926","0.431447","0.000000","6.495405","3.604004","8.138224","7.302822","6.495405","-1.500000","0.000000"
